GID,Private,Tree ID,Admin Area,Side of Street,On Street,From Street,To Street,Street_Name,Situs Number,Address Estimated,Lot Side,Serial Number,Tree Site,Species,Trim Cycle,Diameter at Breast Ht,Trunk Count,Height Code,Canopy Width,Trunk Condition,Structure Condition,Crown Condition,Pest Condition,Condition Calced,Condition Rating,Vigor,Cable Presence,Stake Presence,Grow Space,Utility Presence,Distance from Property,Inventory Date,Staff Name,Comments,Zip,City Name,Longitude,Latitude,Protected,Designated,Heritage,Appraised Value,Hardscape,Identifier,Location Feature ID,Install Date,Feature Name,KML,FusionMarkerIcon
1,True,29,,,ADDISON AV,EMERSON ST,RAMONA ST,ADDISON AV,203,,Front,,2,Celtis australis,Large Tree Routine Prune,11,1,25-30,15-30,,Good,5,,,Good,2,False,False,Planting Strip,,44,10/18/2010,BK,,,Palo Alto,-122.1565172,37.4409561,False,False,False,,None,40,13872,,"Tree: 29 site 2 at 203 ADDISON AV, on ADDISON AV 44 from pl","<Point><coordinates>-122.156485,37.440963</coordinates></Point>",small_green
2,True,30,,,EMERSON ST,CHANNING AV,ADDISON AV,ADDISON AV,203,,Left,,1,Liquidambar styraciflua,Large Tree Routine Prune,11,1,50-55,15-30,Good,Good,5,,,Good,2,False,False,Planting Strip,,21,6/2/2010,BK,,,Palo Alto,-122.1567812,37.440951,False,False,False,,None,41,13872,,"Tree: 30 site 1 at 203 ADDISON AV, on EMERSON ST 21 from pl","<Point><coordinates>-122.156749,37.440958</coordinates></Point>",small_green
3,True,31,,,EMERSON ST,CHANNING AV,ADDISON AV,ADDISON AV,203,,Left,,2,Liquidambar styraciflua,Large Tree Routine Prune,11,1,40-45,15-30,Good,Good,5,,,Good,2,False,False,Planting Strip,,54,6/2/2010,BK,,,Palo Alto,-122.1566921,37.4408948,False,False,False,,Low,42,13872,,"Tree: 31 site 2 at 203 ADDISON AV, on EMERSON ST 54 from pl","<Point><coordinates>-122.156659,37.440902</coordinates></Point>",small_green
4,True,32,,,ADDISON AV,EMERSON ST,RAMONA ST,ADDISON AV,209,,Front,,1,Ulmus parvifolia,Large Tree Routine Prune,18,1,35-40,30-45,Good,Good,5,,,Good,2,False,False,Planting Strip,,21,6/2/2010,BK,,,Palo Alto,-122.1564595,37.4410143,False,False,False,,Medium,43,13873,,"Tree: 32 site 1 at 209 ADDISON AV, on ADDISON AV 21 from pl","<Point><coordinates>-122.156427,37.441022</coordinates></Point>",small_green
5,True,33,,,ADDISON AV,EMERSON ST,RAMONA ST,ADDISON AV,219,,Front,,1,Eriobotrya japonica,Large Tree Routine Prune,7,1,15-20,0-15,Good,Good,3,,,Good,1,False,False,Planting Strip,,16,6/1/2010,BK,,,Palo Alto,-122.1563676,37.441107,False,False,False,,None,44,13874,,"Tree: 33 site 1 at 219 ADDISON AV, on ADDISON AV 16 from pl","<Point><coordinates>-122.156335,37.441114</coordinates></Point>",small_green
6,True,34,,,ADDISON AV,EMERSON ST,RAMONA ST,ADDISON AV,219,,Front,,2,Robinia pseudoacacia,Large Tree Routine Prune,29,1,50-55,30-45,Poor,Poor,5,,,Good,2,False,False,Planting Strip,,33,6/1/2010,BK,cavity or decay; trunk decay; codominant leaders; included bark; large leader or limb decay; previous failure root damage; root decay;  beware of BEES.,,Palo Alto,-122.1563313,37.4411436,False,False,False,,None,45,13874,,"Tree: 34 site 2 at 219 ADDISON AV, on ADDISON AV 33 from pl","<Point><coordinates>-122.156299,37.441151</coordinates></Point>",small_green
7,True,35,,,ADDISON AV,EMERSON ST,RAMONA ST,ADDISON AV,225,,Front,,1,Acer negundo,Large Tree Routine Prune,29,1,35-40,45-60,Poor,Poor,5,,,Good,2,False,False,Planting Strip,,28,6/1/2010,BK,root damage; root decay; cavity or decay; trunk decay; growing into sidewalk;,,Palo Alto,-122.1562544,37.4412212,False,False,False,,None,46,13875,,"Tree: 35 site 1 at 225 ADDISON AV, on ADDISON AV 28 from pl","<Point><coordinates>-122.156222,37.441229</coordinates></Point>",small_green
8,True,36,,,RAMONA ST,CHANNING AV,ADDISON AV,ADDISON AV,233,,Right,,1,Prunus cerasifera,Large Tree Routine Prune,6,4,25-30,15-30,Fair,Fair,5,,,Good,2,False,False,Planting Strip,,50,6/1/2010,BK,branch wounds; codominant leaders;,,Palo Alto,-122.1562685,37.4414506,False,False,False,,Low,47,7,,"Tree: 36 site 1 at 233 ADDISON AV, on RAMONA ST 50 from pl","<Point><coordinates>-122.156236,37.441458</coordinates></Point>",small_green
9,True,37,,,RAMONA ST,CHANNING AV,ADDISON AV,ADDISON AV,233,,Right,,2,Crataegus laevigata,Priority 3 Removal,10,1,20-25,15-30,Poor,Poor,5,,,Fair,2,False,False,Planting Strip,,42,6/1/2010,BK,pest problem;  termites; cavity or decay; trunk decay; large leader or limb decay;,,Palo Alto,-122.1562469,37.4414369,False,False,False,,None,48,7,,"Tree: 37 site 2 at 233 ADDISON AV, on RAMONA ST 42 from pl","<Point><coordinates>-122.156214,37.441444</coordinates></Point>",small_green
10,True,38,,,RAMONA ST,CHANNING AV,ADDISON AV,ADDISON AV,233,,Right,,3,Quercus ilex,Large Tree Routine Prune,14,1,25-30,15-30,Fair,Fair,5,,,Good,2,False,False,Planting Strip,,12,6/1/2010,BK,trunk wounds; trunk decay;,,Palo Alto,-122.1561658,37.4413859,False,False,False,,None,49,7,,"Tree: 38 site 3 at 233 ADDISON AV, on RAMONA ST 12 from pl","<Point><coordinates>-122.156133,37.441393</coordinates></Point>",small_green
11,True,39,,,ADDISON AV,RAMONA ST,BRYANT ST,ADDISON AV,241,,Front,,1,Acer macrophyllum,Large Tree Routine Prune,12,1,25-30,15-30,,Good,5,,,Good,2,False,False,Planting Strip,,12,10/18/2010,JM,previous small failure;,,Palo Alto,-122.1559981,37.4414797,False,False,False,,Low,50,20374,,"Tree: 39 site 1 at 241 ADDISON AV, on ADDISON AV 12 from pl","<Point><coordinates>-122.155965,37.441487</coordinates></Point>",small_green
12,True,40,,,ADDISON AV,RAMONA ST,BRYANT ST,ADDISON AV,241,,Front,,2,Acer macrophyllum,Training Prune,3,1,10-15,0-15,Good,Good,5,,,Good,2,False,False,Planting Strip,,39,6/1/2010,JM,,,Palo Alto,-122.1559405,37.4415379,False,False,False,,None,51,20374,,"Tree: 40 site 2 at 241 ADDISON AV, on ADDISON AV 39 from pl","<Point><coordinates>-122.155908,37.441545</coordinates></Point>",small_green
13,False,41,29,,RAMONA ST,CHANNING AV,ADDISON AV,ADDISON AV,241,,S,,1,OBSOLETE SITE,,-1,0,-1,-1,-1,-1,-1,-1,,-1,-1,True,True,2W3,7,7,11/12/2004,ES,UNDER CANOPY OF PRIVATE OAK.,,Palo Alto,-122.1563331,37.4416313,False,False,False,,None,52,20374,,"Tree: 41 site 1 at 241 ADDISON AV, on RAMONA ST 7 from pl","<Point><coordinates>-122.156301,37.441639</coordinates></Point>",small_green
14,True,42,,,RAMONA ST,CHANNING AV,ADDISON AV,ADDISON AV,241,,Left,,1,Liquidambar styraciflua,Large Tree Routine Prune,8,1,20-25,15-30,Good,Good,5,,,Good,2,False,False,Planting Strip,,62,6/1/2010,BK,root damage,,Palo Alto,-122.1561844,37.4415376,False,False,False,,None,53,20374,,"Tree: 42 site 1 at 241 ADDISON AV, on RAMONA ST 62 from pl","<Point><coordinates>-122.156152,37.441545</coordinates></Point>",small_green
15,False,1,38,,ABEL AV,GEORGIA AV,MAYBELL AV,ABEL AV,4133,,F,,1,Prunus armeniaca,,9,0,15,15,2,1,2,1,,Poor,0,True,True,OPEN,7,41,9/29/1989,RL,,,Palo Alto,-122.128087,37.4093374,False,False,False,,None,2,3938,,"Tree: 1 site 1 at 4133 ABEL AV, on ABEL AV 41 from pl","<Point><coordinates>-122.128054,37.409345</coordinates></Point>",small_green
16,False,2,38,,ABEL AV,GEORGIA AV,MAYBELL AV,ABEL AV,4137,,F,,1,Acer rubrum,,3,0,15,15,5,3,1,3,,Fair,0,True,True,OPEN,7,38,9/29/1989,RL,,,Palo Alto,-122.1279298,37.4092691,False,False,False,,None,3,4025,,"Tree: 2 site 1 at 4137 ABEL AV, on ABEL AV 38 from pl","<Point><coordinates>-122.127897,37.409276</coordinates></Point>",small_green
17,False,3,38,,ABEL AV,GEORGIA AV,MAYBELL AV,ABEL AV,4138,,F,,1,Vacant site (medium tree),,-1,0,-1,-1,0,0,0,0,,-1,0,True,True,OPEN,0,30,9/29/1989,RL,,,Palo Alto,-122.1281171,37.4091941,False,False,False,,None,4,3872,,"Tree: 3 site 1 at 4138 ABEL AV, on ABEL AV 30 from pl","<Point><coordinates>-122.128084,37.409201</coordinates></Point>",small_green
18,True,4,,,ABEL AV,GEORGIA AV,MAYBELL AV,ABEL AV,4137,,Front,,1,Prunus armeniaca,Small Tree Routine Prune,1,7,5-10,0-15,Good,Good,5,,,Good,2,False,False,Front Yard,,47,7/2/2010,RL,incorrectly addressed to #4143,,Palo Alto,-122.1278754,37.4092455,False,False,False,,None,5,4026,,"Tree: 4 site 1 at 4137 ABEL AV, on ABEL AV 47 from pl","<Point><coordinates>-122.127843,37.409253</coordinates></Point>",small_green
19,True,5,,,ABEL AV,GEORGIA AV,MAYBELL AV,ABEL AV,4143,,Front,,1,Acer rubrum,Small Tree Routine Prune,6,1,20-25,15-30,Good,Good,5,,,Good,2,False,False,Front Yard,,9,7/2/2010,RL,,,Palo Alto,-122.1278512,37.409235,False,False,False,,None,6,4026,,"Tree: 5 site 1 at 4143 ABEL AV, on ABEL AV 9 from pl","<Point><coordinates>-122.127819,37.409242</coordinates></Point>",small_green
20,False,6,38,,ABEL AV,GEORGIA AV,MAYBELL AV,ABEL AV,4143,,F,,3,Acer rubrum,,3,0,15,15,5,4,3,3,,Good,2,True,True,OPEN,7,32,9/29/1989,RL,,,Palo Alto,-122.1277816,37.4092047,False,False,False,,None,7,4026,,"Tree: 6 site 3 at 4143 ABEL AV, on ABEL AV 32 from pl","<Point><coordinates>-122.127749,37.409212</coordinates></Point>",small_green
21,False,7,38,,ABEL AV,GEORGIA AV,MAYBELL AV,ABEL AV,4144,,F,,1,Prunus armeniaca,,12,0,15,15,2,3,3,2,,Fair,1,True,True,OPEN,6,25,9/29/1989,RL,,,Palo Alto,-122.1279508,37.4091218,False,False,False,,None,8,3873,,"Tree: 7 site 1 at 4144 ABEL AV, on ABEL AV 25 from pl","<Point><coordinates>-122.127918,37.409129</coordinates></Point>",small_green
22,False,8,38,,ABEL AV,GEORGIA AV,MAYBELL AV,ABEL AV,4150,,F,,1,Prunus armeniaca,,9,2,15,30,3,3,3,2,,Fair,1,True,True,OPEN,0,121,9/29/1989,RL,,,Palo Alto,-122.1278125,37.4090618,False,False,False,,None,9,3875,,"Tree: 8 site 1 at 4150 ABEL AV, on ABEL AV 121 from pl","<Point><coordinates>-122.12778,37.409069</coordinates></Point>",small_green
23,False,9,38,,ABEL AV,GEORGIA AV,MAYBELL AV,ABEL AV,4150,,F,,2,Prunus armeniaca,,6,3,15,15,3,2,2,2,,Poor,0,True,True,OPEN,0,96,9/29/1989,RL,,,Palo Alto,-122.1277369,37.409029,False,False,False,,None,10,3875,,"Tree: 9 site 2 at 4150 ABEL AV, on ABEL AV 96 from pl","<Point><coordinates>-122.127704,37.409036</coordinates></Point>",small_green
24,False,10,38,,ABEL AV,GEORGIA AV,MAYBELL AV,ABEL AV,4150,,F,,3,,,3,0,15,15,5,5,5,3,,Good,2,True,True,OPEN,3,70,9/29/1989,RL,,,Palo Alto,-122.1276583,37.4089948,False,False,False,,None,11,3875,,"Tree: 10 site 3 at 4150 ABEL AV, on ABEL AV 70 from pl","<Point><coordinates>-122.127626,37.409002</coordinates></Point>",small_green
25,False,11,38,,ABEL AV,GEORGIA AV,MAYBELL AV,ABEL AV,4150,,F,,4,,,3,0,15,15,5,5,5,3,,Good,2,True,True,OPEN,6,30,9/29/1989,RL,,,Palo Alto,-122.1275374,37.4089423,False,False,False,,None,12,3875,,"Tree: 11 site 4 at 4150 ABEL AV, on ABEL AV 30 from pl","<Point><coordinates>-122.127505,37.40895</coordinates></Point>",small_green
26,True,12,,,ABEL AV,GEORGIA AV,MAYBELL AV,ABEL AV,4151,,Front,,1,Acer rubrum,Small Tree Routine Prune,4,1,15-20,0-15,Good,Good,5,,,Good,2,False,False,Front Yard,,1,7/2/2010,RL,trunk wounds sunscald;,,Palo Alto,-122.1277091,37.4091732,False,False,False,,None,13,4027,,"Tree: 12 site 1 at 4151 ABEL AV, on ABEL AV 1 from pl","<Point><coordinates>-122.127676,37.40918</coordinates></Point>",small_green
27,False,13,38,,ABEL AV,GEORGIA AV,MAYBELL AV,ABEL AV,4151,,F,,2,Prunus armeniaca,,9,0,15,15,3,1,2,1,,Poor,1,True,True,OPEN,7,19,9/29/1989,RL,,,Palo Alto,-122.1276546,37.4091496,False,False,False,,None,14,4027,,"Tree: 13 site 2 at 4151 ABEL AV, on ABEL AV 19 from pl","<Point><coordinates>-122.127622,37.409157</coordinates></Point>",small_green
28,False,14,38,,ABEL AV,GEORGIA AV,MAYBELL AV,ABEL AV,4151,,F,,3,Prunus armeniaca,,9,0,15,15,3,1,2,1,,Poor,1,True,True,OPEN,7,44,9/29/1989,RL,,,Palo Alto,-122.127579,37.4091167,False,False,False,,None,15,4027,,"Tree: 14 site 3 at 4151 ABEL AV, on ABEL AV 44 from pl","<Point><coordinates>-122.127546,37.409124</coordinates></Point>",small_green
29,True,15,,,ADDISON AV,ALMA ST,HIGH ST,ADDISON AV,145,,Front,,1,Ulmus parvifolia,Large Tree Routine Prune,16,1,35-40,30-45,Fair,Fair,3,,,Good,1,False,False,Planting Strip,,8,6/2/2010,RL,cavity or decay trunk decay; previous failure,,Palo Alto,-122.1575338,37.4399305,False,False,False,,None,26,13809,,"Tree: 15 site 1 at 145 ADDISON AV, on ADDISON AV 8 from pl","<Point><coordinates>-122.157501,37.439938</coordinates></Point>",small_green
30,False,16,13,,ADDISON AV,ALMA ST,HIGH ST,ADDISON AV,145,,F,,2,OBSOLETE SITE,,-1,0,-1,-1,-1,-1,-1,-1,,-1,-1,True,True,4.0,0,20,6/8/2006,EFS,,,Palo Alto,-122.1575082,37.4399564,False,False,False,,None,27,13809,,"Tree: 16 site 2 at 145 ADDISON AV, on ADDISON AV 20 from pl","<Point><coordinates>-122.157476,37.439964</coordinates></Point>",small_green
31,True,17,,,ADDISON AV,ALMA ST,HIGH ST,ADDISON AV,145,,Front,,2,Ulmus parvifolia,Large Tree Routine Prune,12,1,30-35,15-30,Good,Good,5,,,Good,1,False,False,Planting Strip,,49,6/2/2010,RL,,,Palo Alto,-122.1574462,37.4400188,False,False,False,,None,28,13809,,"Tree: 17 site 2 at 145 ADDISON AV, on ADDISON AV 49 from pl","<Point><coordinates>-122.157414,37.440026</coordinates></Point>",small_green
32,False,18,13,,ADDISON AV,ALMA ST,HIGH ST,ADDISON AV,145,,F,,4,OBSOLETE SITE,,-1,0,-1,-1,-1,-1,-1,-1,,-1,-1,True,True,3W4,0,92,6/8/2006,ES,Site is next to curb side gas meter and too close to F5 at 98 ft.,,Palo Alto,-122.1573544,37.4401115,False,False,False,,None,29,13809,,"Tree: 18 site 4 at 145 ADDISON AV, on ADDISON AV 92 from pl","<Point><coordinates>-122.157322,37.440119</coordinates></Point>",small_green
33,True,19,,,ADDISON AV,ALMA ST,HIGH ST,ADDISON AV,145,,Front,,3,Ulmus parvifolia 'Athena',Training Prune,3,-1,15-20,0-15,Good,Good,4,,,Good,3,False,True,Planting Strip,,98,6/2/2010,FC,,,Palo Alto,-122.1573416,37.4401244,False,False,False,,None,30,13809,,"Tree: 19 site 3 at 145 ADDISON AV, on ADDISON AV 98 from pl","<Point><coordinates>-122.157309,37.440132</coordinates></Point>",small_green
34,True,20,,,ADDISON AV,ALMA ST,HIGH ST,ADDISON AV,160,,Front,,1,Celtis australis,Large Tree Routine Prune,8,1,15-20,15-30,Fair,Fair,5,,,Good,2,False,False,Planting Strip,,97,6/2/2010,JM,trunk decay; termites; root damage;,,Palo Alto,-122.1573987,37.4398453,False,False,False,,None,31,13790,,"Tree: 20 site 1 at 160 ADDISON AV, on ADDISON AV 97 from pl","<Point><coordinates>-122.157366,37.439853</coordinates></Point>",small_green
35,True,21,,,ADDISON AV,ALMA ST,HIGH ST,ADDISON AV,160,,Front,,3,Celtis australis,Large Tree Routine Prune,11,1,20-25,15-30,Good,Good,5,,,Good,2,False,False,Planting Strip,,63,6/2/2010,JM,remove vines; root damage;,,Palo Alto,-122.1573261,37.4399186,False,False,False,,None,32,13790,,"Tree: 21 site 3 at 160 ADDISON AV, on ADDISON AV 63 from pl","<Point><coordinates>-122.157293,37.439926</coordinates></Point>",small_green
36,True,22,,,ADDISON AV,ALMA ST,HIGH ST,ADDISON AV,160,,Front,,7,Celtis sinensis,Large Tree Routine Prune,8,1,20-25,15-30,Good,Good,5,,,Good,2,False,False,Planting Strip,,24,6/2/2010,JM,,,Palo Alto,-122.1572428,37.4400026,False,False,False,,None,33,13790,,"Tree: 22 site 7 at 160 ADDISON AV, on ADDISON AV 24 from pl","<Point><coordinates>-122.15721,37.44001</coordinates></Point>",small_green
37,True,23,,,HIGH ST,ADDISON AV,LINCOLN AV,ADDISON AV,160,,Left,,1,Pistacia chinensis,Training Prune,2,1,10-15,0-15,Good,Good,5,,,Good,3,False,True,Planting Strip,,41,6/1/2010,FC,,,Palo Alto,-122.157143,37.4400413,False,False,False,,None,34,13790,,"Tree: 23 site 1 at 160 ADDISON AV, on HIGH ST 41 from pl","<Point><coordinates>-122.15711,37.440049</coordinates></Point>",small_green
38,True,24,,,HIGH ST,ADDISON AV,LINCOLN AV,ADDISON AV,160,,Left,,2,Pistacia chinensis,Large Tree Routine Prune,7,1,20-25,15-30,Good,Good,5,,,Good,2,False,False,Planting Strip,,10,6/1/2010,JM,,,Palo Alto,-122.1570592,37.4399885,False,False,False,,None,35,13790,,"Tree: 24 site 2 at 160 ADDISON AV, on HIGH ST 10 from pl","<Point><coordinates>-122.157027,37.439996</coordinates></Point>",small_green
39,True,25,,,ADDISON AV,HIGH ST,EMERSON ST,ADDISON AV,181,,Front,,1,Liquidambar styraciflua,Large Tree Routine Prune,14,1,40-45,15-30,Good,Good,5,,,Good,2,False,False,Planting Strip,,9,6/2/2010,RL,,,Palo Alto,-122.1569603,37.440509,False,False,False,,None,36,13806,,"Tree: 25 site 1 at 181 ADDISON AV, on ADDISON AV 9 from pl","<Point><coordinates>-122.156928,37.440516</coordinates></Point>",small_green
40,True,26,,,ADDISON AV,HIGH ST,EMERSON ST,ADDISON AV,181,,Front,,2,Liquidambar styraciflua,Large Tree Routine Prune,10,1,30-35,15-30,Good,Good,4,,,Good,2,False,False,Planting Strip,,52,6/2/2010,RL,,,Palo Alto,-122.1568685,37.4406017,False,False,False,,None,37,13806,,"Tree: 26 site 2 at 181 ADDISON AV, on ADDISON AV 52 from pl","<Point><coordinates>-122.156836,37.440609</coordinates></Point>",small_green
41,True,27,,,ADDISON AV,HIGH ST,EMERSON ST,ADDISON AV,181,,Front,,3,Celtis australis,Training Prune,2,1,10-15,0-15,Good,Good,5,,,Good,2,False,False,Planting Strip,,88,6/2/2010,JM,leaning,,Palo Alto,-122.1567916,37.4406793,False,False,False,,None,38,13806,,"Tree: 27 site 3 at 181 ADDISON AV, on ADDISON AV 88 from pl","<Point><coordinates>-122.156759,37.440687</coordinates></Point>",small_green
42,True,28,,,ADDISON AV,EMERSON ST,RAMONA ST,ADDISON AV,203,,Front,,1,Celtis australis,Large Tree Routine Prune,17,1,30-35,15-30,Good,Good,5,,,Good,2,False,False,Planting Strip,,11,6/2/2010,BK,,,Palo Alto,-122.1565876,37.440885,False,False,False,,Low,39,13872,,"Tree: 28 site 1 at 203 ADDISON AV, on ADDISON AV 11 from pl","<Point><coordinates>-122.156555,37.440892</coordinates></Point>",small_green
43,True,43,,,RAMONA ST,CHANNING AV,ADDISON AV,ADDISON AV,241,,Left,,2,Liquidambar styraciflua,Large Tree Routine Prune,10,1,40-45,15-30,Good,Good,5,,,Good,2,False,False,Planting Strip,,95,6/1/2010,BK,,,Palo Alto,-122.1560953,37.4414814,False,False,False,,Low,54,20374,,"Tree: 43 site 2 at 241 ADDISON AV, on RAMONA ST 95 from pl","<Point><coordinates>-122.156063,37.441489</coordinates></Point>",small_green
44,True,44,,,ADDISON AV,RAMONA ST,BRYANT ST,ADDISON AV,253,,Front,,1,Acer capillipes,Large Tree Routine Prune,6,1,15-20,15-30,Fair,Fair,5,,,Good,2,False,False,Planting Strip,,8,6/1/2010,JM,trunk wounds; root damage;,,Palo Alto,-122.1558871,37.4415918,False,False,False,,None,55,20373,,"Tree: 44 site 1 at 253 ADDISON AV, on ADDISON AV 8 from pl","<Point><coordinates>-122.155854,37.441599</coordinates></Point>",small_green
45,True,45,,,ADDISON AV,RAMONA ST,BRYANT ST,ADDISON AV,253,,Front,,2,Acer macrophyllum,Large Tree Routine Prune,10,1,20-25,15-30,Good,Good,5,,,Good,2,False,False,Tree Well,,30,6/1/2010,JM,root damage;,,Palo Alto,-122.1558401,37.4416392,False,False,False,,Low,56,20373,,"Tree: 45 site 2 at 253 ADDISON AV, on ADDISON AV 30 from pl","<Point><coordinates>-122.155807,37.441646</coordinates></Point>",small_green
46,True,46,,,ADDISON AV,RAMONA ST,BRYANT ST,ADDISON AV,281,,Front,,1,Ginkgo biloba,Training Prune,1,1,5-10,0-15,Good,Good,5,,,Good,2,False,False,Planting Strip,,15,6/1/2010,JM,trunk wounds,,Palo Alto,-122.1556318,37.4418493,False,False,False,,None,38585,8,,"Tree: 46 site 1 at 281 ADDISON AV, on ADDISON AV 15 from pl","<Point><coordinates>-122.155599,37.441857</coordinates></Point>",small_green
47,False,47,29,,ADDISON AV,RAMONA ST,BRYANT ST,ADDISON AV,281,,F,,2,Ginkgo biloba,,6,2,30,30,5,5,5,3,,Good,2,True,True,4.0,0,36,6/22/2004,JM,,,Palo Alto,-122.155587,37.4418945,False,False,False,,None,38587,8,,"Tree: 47 site 2 at 281 ADDISON AV, on ADDISON AV 36 from pl","<Point><coordinates>-122.155554,37.441902</coordinates></Point>",small_green
48,False,48,29,,BRYANT ST,CHANNING AV,ADDISON AV,ADDISON AV,281,,S,,1,Ginkgo biloba,,3,0,15,15,5,5,5,3,,Good,2,True,True,3.0,0,30,6/7/1989,BK,,,Palo Alto,-122.1556271,37.442009,False,False,False,,None,57,8,,"Tree: 48 site 1 at 281 ADDISON AV, on BRYANT ST 30 from pl","<Point><coordinates>-122.155594,37.442016</coordinates></Point>",small_green
49,True,49,,,BRYANT ST,CHANNING AV,ADDISON AV,ADDISON AV,281,,Right,,1,Pistacia chinensis,Large Tree Routine Prune,4,1,20-25,0-15,Good,Good,5,,,Good,2,False,False,Planting Strip,,102,6/1/2010,BK,,,Palo Alto,-122.1557784,37.4421044,False,False,False,,None,38586,8,,"Tree: 49 site 1 at 281 ADDISON AV, on BRYANT ST 102 from pl","<Point><coordinates>-122.155746,37.442112</coordinates></Point>",small_green
50,True,50,,,ADDISON AV,BRYANT ST,SCOTT ST,ADDISON AV,301,,Front,,1,Celtis australis,Large Tree Routine Prune,15,1,35-40,15-30,Fair,Fair,5,,,Fair,2,False,False,Planting Strip,,37,6/9/2010,JM,root decay; stunted foliage in upper crown,,Palo Alto,-122.155336,37.4421477,False,False,False,,None,59,20375,,"Tree: 50 site 1 at 301 ADDISON AV, on ADDISON AV 37 from pl","<Point><coordinates>-122.155303,37.442155</coordinates></Point>",small_green
51,True,51,,,ADDISON AV,BRYANT ST,SCOTT ST,ADDISON AV,301,,Front,,2,Celtis australis,Large Tree Routine Prune,11,1,30-35,15-30,Fair,Fair,5,,,Fair,2,False,False,Planting Strip,,86,6/9/2010,JM,root decay; thin crown,,Palo Alto,-122.1552314,37.4422533,False,False,False,,None,60,20375,,"Tree: 51 site 2 at 301 ADDISON AV, on ADDISON AV 86 from pl","<Point><coordinates>-122.155199,37.442261</coordinates></Point>",small_green
52,True,52,,,BRYANT ST,CHANNING AV,ADDISON AV,ADDISON AV,301,,Left,,1,Pistacia chinensis,Large Tree Routine Prune,7,1,25-30,15-30,Good,Good,5,,,Good,2,False,False,Planting Strip,,37,6/10/2010,JM,,,Palo Alto,-122.1556095,37.442173,False,False,False,,None,61,20375,,"Tree: 52 site 1 at 301 ADDISON AV, on BRYANT ST 37 from pl","<Point><coordinates>-122.155577,37.44218</coordinates></Point>",small_green
53,True,53,,,BRYANT ST,CHANNING AV,ADDISON AV,ADDISON AV,301,,Left,,2,Ginkgo biloba,Large Tree Routine Prune,16,1,25-30,0-15,Fair,Fair,5,,,Good,2,False,False,Planting Strip,,80,6/10/2010,JM,,,Palo Alto,-122.1554933,37.4420998,False,False,False,,None,62,20375,,"Tree: 53 site 2 at 301 ADDISON AV, on BRYANT ST 80 from pl","<Point><coordinates>-122.155461,37.442107</coordinates></Point>",small_green
54,True,54,,,ADDISON AV,BRYANT ST,WAVERLEY ST,ADDISON AV,310,,Front,,1,Tristania laurina,Small Tree Routine Prune,7,1,15-20,15-30,Good,Good,5,,,Good,2,False,False,Tree Well,,35,6/9/2010,JM,,,Palo Alto,-122.1550557,37.442209,False,False,False,,None,63,20391,,"Tree: 54 site 1 at 310 ADDISON AV, on ADDISON AV 35 from pl","<Point><coordinates>-122.155023,37.442216</coordinates></Point>",small_green
55,True,55,,,ADDISON AV,BRYANT ST,WAVERLEY ST,ADDISON AV,310,,Front,,2,Pistacia chinensis,Small Tree Routine Prune,3,1,15-20,15-30,Good,Good,5,,,Good,2,False,True,Planting Strip,,19,6/9/2010,BC,CABLE LINE MARKED DOWN CENTER OF PLANTER,,Palo Alto,-122.1550215,37.4422435,False,False,False,,None,64,20391,,"Tree: 55 site 2 at 310 ADDISON AV, on ADDISON AV 19 from pl","<Point><coordinates>-122.154989,37.442251</coordinates></Point>",small_green
56,True,56,,,ADDISON AV,BRYANT ST,SCOTT ST,ADDISON AV,319,,Front,,1,Celtis sinensis,Large Tree Routine Prune,9,1,30-35,15-30,Good,Good,5,,,Good,2,False,False,Planting Strip,,1,6/9/2010,BK,partial  girdling root,,Palo Alto,-122.1551726,37.4423125,False,False,False,,Low,65,20376,,"Tree: 56 site 1 at 319 ADDISON AV, on ADDISON AV 1 from pl","<Point><coordinates>-122.15514,37.44232</coordinates></Point>",small_green
57,True,57,,,ADDISON AV,BRYANT ST,SCOTT ST,ADDISON AV,319,,Front,,2,Ginkgo biloba,Large Tree Routine Prune,5,1,20-25,0-15,Good,Good,5,,,Good,2,False,False,Planting Strip,,19,6/9/2010,JM,,,Palo Alto,-122.1551342,37.4423513,False,False,False,,None,66,20376,,"Tree: 57 site 2 at 319 ADDISON AV, on ADDISON AV 19 from pl","<Point><coordinates>-122.155102,37.442359</coordinates></Point>",small_green
58,True,58,,,ADDISON AV,BRYANT ST,SCOTT ST,ADDISON AV,319,,Front,,3,Celtis australis,Large Tree Routine Prune,11,1,30-35,15-30,Fair,Fair,5,,,Good,2,False,False,Planting Strip,,38,6/10/2010,JM,root damage,,Palo Alto,-122.1550936,37.4423922,False,False,False,,Low,67,20376,,"Tree: 58 site 3 at 319 ADDISON AV, on ADDISON AV 38 from pl","<Point><coordinates>-122.155061,37.4424</coordinates></Point>",small_green
59,True,59,,,ADDISON AV,BRYANT ST,WAVERLEY ST,ADDISON AV,326,,Front,,1,Celtis australis,Large Tree Routine Prune,19,1,35-40,15-30,Fair,Fair,5,,,Good,2,False,False,Planting Strip,,50,6/9/2010,BK,,,Palo Alto,-122.1549382,37.4423275,False,False,False,,None,69,110,,"Tree: 59 site 1 at 326 ADDISON AV, on ADDISON AV 50 from pl","<Point><coordinates>-122.154906,37.442335</coordinates></Point>",small_green
60,True,60,,,ADDISON AV,BRYANT ST,WAVERLEY ST,ADDISON AV,326,,Front,,2,Liquidambar styraciflua,Priority 2 Prune,17,1,40-45,15-30,Fair,Fair,5,,,Fair,2,False,False,Planting Strip,,20,6/9/2010,BK,lost main leader; cavity or decay;,,Palo Alto,-122.1548741,37.4423922,False,False,False,,None,70,110,,"Tree: 60 site 2 at 326 ADDISON AV, on ADDISON AV 20 from pl","<Point><coordinates>-122.154841,37.4424</coordinates></Point>",small_green
61,True,61,,,ADDISON AV,BRYANT ST,SCOTT ST,ADDISON AV,327,,Front,,2,Pistacia chinensis,Large Tree Routine Prune,7,1,25-30,15-30,Good,Good,5,,,Good,2,False,False,Planting Strip,,26,6/10/2010,RR,,,Palo Alto,-122.1550071,37.4424795,False,False,False,,None,71,11,,"Tree: 61 site 2 at 327 ADDISON AV, on ADDISON AV 26 from pl","<Point><coordinates>-122.154974,37.442487</coordinates></Point>",small_green
62,True,62,,,ADDISON AV,BRYANT ST,SCOTT ST,ADDISON AV,327,,Front,,3,Liquidambar styraciflua,Priority 2 Prune,17,1,45-50,15-30,Fair,Fair,5,,,Good,2,False,False,Planting Strip,,41,6/10/2010,BK,,,Palo Alto,-122.154975,37.4425118,False,False,False,,None,72,11,,"Tree: 62 site 3 at 327 ADDISON AV, on ADDISON AV 41 from pl","<Point><coordinates>-122.154942,37.442519</coordinates></Point>",small_green
63,True,63,,,ADDISON AV,BRYANT ST,SCOTT ST,ADDISON AV,327,,Front,,4,Liquidambar styraciflua,Large Tree Routine Prune,21,1,55-60,30-45,Fair,Fair,5,,,Good,2,False,False,Planting Strip,,55,6/10/2010,BK,borers; slime flux; cavity or decay;,,Palo Alto,-122.1549451,37.442542,False,False,False,,None,73,11,,"Tree: 63 site 4 at 327 ADDISON AV, on ADDISON AV 55 from pl","<Point><coordinates>-122.154913,37.442549</coordinates></Point>",small_green
64,True,64,,,SCOTT ST,DEADEND,ADDISON AV,ADDISON AV,327,,Right,,3,Pistacia chinensis,Large Tree Routine Prune,6,1,20-25,15-30,Good,Good,5,,,Good,2,False,False,Planting Strip,,14,6/10/2010,JM,,,Palo Alto,-122.1549751,37.4425959,False,False,False,,None,74,11,,"Tree: 64 site 3 at 327 ADDISON AV, on SCOTT ST 14 from pl","<Point><coordinates>-122.154943,37.442603</coordinates></Point>",small_green
65,True,65,,,SCOTT ST,DEADEND,ADDISON AV,ADDISON AV,327,,Right,,1,Liquidambar styraciflua,Large Tree Routine Prune,14,1,45-50,15-30,Fair,Fair,5,,,Good,2,False,False,Planting Strip,,77,6/10/2010,BK,,,Palo Alto,-122.1551454,37.4427032,False,False,False,,None,75,11,,"Tree: 65 site 1 at 327 ADDISON AV, on SCOTT ST 77 from pl","<Point><coordinates>-122.155113,37.44271</coordinates></Point>",small_green
66,True,66,,,SCOTT ST,DEADEND,ADDISON AV,ADDISON AV,327,,Right,,2,Liquidambar styraciflua,Large Tree Routine Prune,15,1,40-45,15-30,Fair,Fair,5,,,Good,2,False,False,Planting Strip,,54,6/10/2010,BK,,,Palo Alto,-122.1550832,37.442664,False,False,False,,None,76,11,,"Tree: 66 site 2 at 327 ADDISON AV, on SCOTT ST 54 from pl","<Point><coordinates>-122.155051,37.442671</coordinates></Point>",small_green
67,True,67,,,ADDISON AV,BRYANT ST,WAVERLEY ST,ADDISON AV,350,,Front,,1,Liquidambar styraciflua,Large Tree Routine Prune,21,1,55-60,15-30,Fair,Fair,5,,,Good,2,False,False,Planting Strip,,49,6/9/2010,BK,root decay,,Palo Alto,-122.1547758,37.4424913,False,False,False,,None,78,103,,"Tree: 67 site 1 at 350 ADDISON AV, on ADDISON AV 49 from pl","<Point><coordinates>-122.154743,37.442499</coordinates></Point>",small_green
68,True,68,,,ADDISON AV,BRYANT ST,WAVERLEY ST,ADDISON AV,350,,Front,,2,Liquidambar styraciflua,Large Tree Routine Prune,22,1,50-55,15-30,Fair,Fair,5,,,Good,2,False,False,Planting Strip,,17,6/9/2010,BK,root decay,,Palo Alto,-122.1547075,37.4425602,False,False,False,,None,79,103,,"Tree: 68 site 2 at 350 ADDISON AV, on ADDISON AV 17 from pl","<Point><coordinates>-122.154675,37.442567</coordinates></Point>",small_green
69,True,69,,,ADDISON AV,SCOTT ST,WAVERLEY ST,ADDISON AV,353,,Front,,4,Liquidambar styraciflua,Large Tree Routine Prune,20,1,50-55,30-45,Fair,Fair,4,,,Good,1,False,False,Planting Strip,,28,6/10/2010,DS,HOLLOW AT BASE OF TREE; upper limb damage,,Palo Alto,-122.1547679,37.4427208,False,False,False,,Low,80,20387,,"Tree: 69 site 4 at 353 ADDISON AV, on ADDISON AV 28 from pl","<Point><coordinates>-122.154735,37.442728</coordinates></Point>",small_green
70,True,70,,,SCOTT ST,DEADEND,ADDISON AV,SCOTT ST,353,,Left,,1,Liquidambar styraciflua,Large Tree Routine Prune,21,1,50-55,15-30,Poor,Poor,5,,,Good,2,False,False,Planting Strip,,23,6/10/2010,BK,basal decay; codominant leaders; included bark; trunk wounds;,,Palo Alto,-122.1549789,37.4427383,False,False,False,,None,81,20387,,"Tree: 70 site 1 at 353 SCOTT ST, on SCOTT ST 23 from pl","<Point><coordinates>-122.154946,37.442746</coordinates></Point>",small_green
71,True,71,,,SCOTT ST,DEADEND,ADDISON AV,SCOTT ST,353,,Left,,2,Pistacia chinensis,Small Tree Routine Prune,2,1,15-20,0-15,Good,Good,5,,,Good,3,False,True,Planting Strip,,56,6/10/2010,RR,loose stake; leaning slightly,,Palo Alto,-122.1548897,37.4426821,False,False,False,,None,82,20387,,"Tree: 71 site 2 at 353 SCOTT ST, on SCOTT ST 56 from pl","<Point><coordinates>-122.154857,37.442689</coordinates></Point>",small_green
72,True,72,,,ADDISON AV,BRYANT ST,WAVERLEY ST,ADDISON AV,358,,Front,,1,Liquidambar styraciflua,Large Tree Routine Prune,16,1,30-35,15-30,Fair,Fair,5,,,Fair,2,False,False,Planting Strip,,43,6/9/2010,BK,"crown dieback;  included bark; fenced, construction site",,Palo Alto,-122.1546242,37.4426443,False,False,False,,None,83,107,,"Tree: 72 site 1 at 358 ADDISON AV, on ADDISON AV 43 from pl","<Point><coordinates>-122.154592,37.442652</coordinates></Point>",small_green
73,True,73,,,ADDISON AV,BRYANT ST,WAVERLEY ST,ADDISON AV,358,,Front,,2,Liquidambar styraciflua,Large Tree Routine Prune,18,1,30-35,30-45,Fair,Fair,5,,,Good,2,False,False,Planting Strip,,11,6/9/2010,BK,"root decay; fenced, construction site",,Palo Alto,-122.1555117,37.4434842,False,False,False,,None,84,107,,"Tree: 73 site 2 at 358 ADDISON AV, on ADDISON AV 11 from pl","<Point><coordinates>-122.155479,37.443492</coordinates></Point>",small_green
74,False,74,29,,ADDISON AV,SCOTT ST,WAVERLEY ST,ADDISON AV,361,,F,,1,OBSOLETE SITE,,-1,-1,-1,-1,-1,-1,-1,-1,,-1,-1,True,True,3,0,21,5/7/2008,EFS,Insufficient space for street tree.,,Palo Alto,-122.154676,37.4428135,False,False,False,,None,85,20390,,"Tree: 74 site 1 at 361 ADDISON AV, on ADDISON AV 21 from pl","<Point><coordinates>-122.154643,37.442821</coordinates></Point>",small_green
75,True,75,,,ADDISON AV,SCOTT ST,WAVERLEY ST,ADDISON AV,361,,Front,,1,Magnolia grandiflora,Large Tree Routine Prune,14,1,35-40,15-30,Fair,Fair,5,,,Good,2,False,False,Planting Strip,,44,6/10/2010,BK,root damage,,Palo Alto,-122.1546269,37.442863,False,False,False,,Low,86,20390,,"Tree: 75 site 1 at 361 ADDISON AV, on ADDISON AV 44 from pl","<Point><coordinates>-122.154594,37.44287</coordinates></Point>",small_green
76,True,76,,,ADDISON AV,SCOTT ST,WAVERLEY ST,ADDISON AV,367,,Front,,2,Magnolia grandiflora,Large Tree Routine Prune,16,1,30-35,15-30,Fair,Good,3,,,Fair,1,False,False,Planting Strip,,41,6/10/2010,BK,minor root damage; older foliage wilted,,Palo Alto,-122.1545265,37.4429643,False,False,False,,None,87,20389,,"Tree: 76 site 2 at 367 ADDISON AV, on ADDISON AV 41 from pl","<Point><coordinates>-122.154494,37.442972</coordinates></Point>",small_green
77,True,77,,,ADDISON AV,BRYANT ST,WAVERLEY ST,ADDISON AV,370,,Front,,1,Celtis australis,Large Tree Routine Prune,15,1,35-40,15-30,Good,Good,5,,,Good,2,False,False,Planting Strip,,27,6/9/2010,JM,,,Palo Alto,-122.1544832,37.4427865,False,False,False,,Low,88,83,,"Tree: 77 site 1 at 370 ADDISON AV, on ADDISON AV 27 from pl","<Point><coordinates>-122.154451,37.442794</coordinates></Point>",small_green
78,True,78,,,WAVERLEY ST,CHANNING AV,ADDISON AV,WAVERLEY ST,990,,Left,,1,Magnolia grandiflora,Large Tree Routine Prune,30,1,45-50,30-45,Poor,Fair,5,,,Poor,2,False,False,Planting Strip,,42,6/16/2010,BK,root damage; crown dieback;,,Palo Alto,-122.1544634,37.4432361,False,False,False,,None,89,95,,"Tree: 78 site 1 at 990 WAVERLEY ST, on WAVERLEY ST 42 from pl","<Point><coordinates>-122.154431,37.443243</coordinates></Point>",small_green
79,False,79,29,,WAVERLEY ST,CHANNING AV,ADDISON AV,ADDISON AV,373,,S,,1,Jacaranda mimosifolia,,3,0,15,15,5,5,5,3,,Good,2,True,True,3,7,50,6/7/1989,BK,,,Palo Alto,-122.1543972,37.4430872,False,False,False,,None,90,,,"Tree: 79 site 1 at 373 ADDISON AV, on WAVERLEY ST 50 from pl","<Point><coordinates>-122.154365,37.443095</coordinates></Point>",small_green
80,False,80,29,,WAVERLEY ST,CHANNING AV,ADDISON AV,ADDISON AV,373,,S,,2,Stump,,3,0,-1,-1,-1,-1,-1,-1,,-1,-1,True,True,3.0,7,46,4/29/2004,JM,,,Palo Alto,-122.1544271,37.4430624,False,False,False,,None,91,,,"Tree: 80 site 2 at 373 ADDISON AV, on WAVERLEY ST 46 from pl","<Point><coordinates>-122.154394,37.44307</coordinates></Point>",small_green
81,False,81,29,,WAVERLEY ST,CHANNING AV,ADDISON AV,ADDISON AV,373,,S,,3,Magnolia grandiflora,,18,0,45,30,5,5,5,3,,Good,2,True,True,3,7,23,6/7/1989,BK,,,Palo Alto,-122.1544585,37.4430282,False,False,False,,None,92,,,"Tree: 81 site 3 at 373 ADDISON AV, on WAVERLEY ST 23 from pl","<Point><coordinates>-122.154426,37.443036</coordinates></Point>",small_green
82,True,82,,,ADDISON AV,BRYANT ST,WAVERLEY ST,ADDISON AV,376,,Front,,1,Magnolia grandiflora,Large Tree Routine Prune,17,1,35-40,15-30,Fair,Fair,5,,,Fair,2,False,False,Planting Strip,,38,6/9/2010,BK,root decay,,Palo Alto,-122.1543999,37.4428705,False,False,False,,Low,93,82,,"Tree: 82 site 1 at 376 ADDISON AV, on ADDISON AV 38 from pl","<Point><coordinates>-122.154367,37.442878</coordinates></Point>",small_green
83,True,83,,,ADDISON AV,BRYANT ST,WAVERLEY ST,ADDISON AV,376,,Front,,2,Magnolia grandiflora,Large Tree Routine Prune,22,1,40-45,30-45,Fair,Fair,5,,,Good,2,False,False,Planting Strip,,13,6/9/2010,BK,root decay,,Palo Alto,-122.1543465,37.4429244,False,False,False,,Low,94,82,,"Tree: 83 site 2 at 376 ADDISON AV, on ADDISON AV 13 from pl","<Point><coordinates>-122.154314,37.442932</coordinates></Point>",small_green
84,True,84,,,ADDISON AV,WAVERLEY ST,COWPER ST,ADDISON AV,420,,Front,,1,Magnolia grandiflora,Large Tree Routine Prune,10,1,20-25,15-30,Good,Good,5,,,Good,2,False,False,Planting Strip,,33,6/8/2010,BC,,,Palo Alto,-122.1538339,37.4434415,False,False,False,,None,95,76,,"Tree: 84 site 1 at 420 ADDISON AV, on ADDISON AV 33 from pl","<Point><coordinates>-122.153801,37.443449</coordinates></Point>",small_green
85,True,85,,,ADDISON AV,WAVERLEY ST,COWPER ST,ADDISON AV,425,,Front,,1,Magnolia grandiflora,Large Tree Routine Prune,11,1,30-35,15-30,Fair,Fair,5,,,Fair,2,False,False,Planting Strip,,4,6/16/2010,BC,thin crown; buttress not visible; remove ivy,,Palo Alto,-122.15389,37.4436064,False,False,False,,None,96,179,,"Tree: 85 site 1 at 425 ADDISON AV, on ADDISON AV 4 from pl","<Point><coordinates>-122.153857,37.443614</coordinates></Point>",small_green
86,True,86,,,ADDISON AV,WAVERLEY ST,COWPER ST,ADDISON AV,425,,Front,,2,Tilia tomentosa 'Green Mountain',Small Tree Routine Prune,1,1,0-5,0-15,Good,Good,-1,,,Good,-1,False,True,Planting Strip,,54,6/16/2010,FG,,,Palo Alto,-122.1537832,37.4437141,False,False,False,,None,97,179,,"Tree: 86 site 2 at 425 ADDISON AV, on ADDISON AV 54 from pl","<Point><coordinates>-122.153751,37.443721</coordinates></Point>",small_green
87,True,87,,,ADDISON AV,WAVERLEY ST,COWPER ST,ADDISON AV,430,,Front,,1,Stump,Stump Removal,5,1,0-5,,,,3,,,,1,False,False,Planting Strip,,35,8/27/2010,JCM,,,Palo Alto,-122.1537314,37.4435449,False,False,False,,None,98,111,,"Tree: 87 site 1 at 430 ADDISON AV, on ADDISON AV 35 from pl","<Point><coordinates>-122.153699,37.443552</coordinates></Point>",small_green
88,True,88,,,ADDISON AV,WAVERLEY ST,COWPER ST,ADDISON AV,438,,Front,,1,Magnolia grandiflora,Priority 2 Prune,15,1,35-40,15-30,Fair,Fair,5,,,Fair,2,False,False,Planting Strip,,28,6/8/2010,BK,"4"" dbh limb w/ large crack; thinning crown; root damage;",,Palo Alto,-122.1536096,37.4436677,False,False,False,,None,99,200,,"Tree: 88 site 1 at 438 ADDISON AV, on ADDISON AV 28 from pl","<Point><coordinates>-122.153577,37.443675</coordinates></Point>",small_green
89,True,89,,,ADDISON AV,WAVERLEY ST,COWPER ST,ADDISON AV,448,,Front,,1,Vacant site (medium tree),Plant,0,0,,,,,-1,,,,-1,False,False,Planting Strip,,81,6/8/2010,EFS,Irrigation line crosses site perpendicular to curb.,,Palo Alto,-122.1535092,37.443769,False,False,False,,None,100,163,,"Tree: 89 site 1 at 448 ADDISON AV, on ADDISON AV 81 from pl","<Point><coordinates>-122.153477,37.443776</coordinates></Point>",small_green
90,True,90,,,ADDISON AV,WAVERLEY ST,COWPER ST,ADDISON AV,448,,Front,,2,Acer macrophyllum,Large Tree Routine Prune,10,1,25-30,15-30,Fair,Fair,5,,,Good,2,False,False,Planting Strip,,46,6/8/2010,JM,,,Palo Alto,-122.1534345,37.4438444,False,False,False,,None,101,163,,"Tree: 90 site 2 at 448 ADDISON AV, on ADDISON AV 46 from pl","<Point><coordinates>-122.153402,37.443852</coordinates></Point>",small_green
91,True,91,,,ADDISON AV,WAVERLEY ST,COWPER ST,ADDISON AV,448,,Front,,3,Acer macrophyllum,Large Tree Routine Prune,9,1,20-25,15-30,Good,Good,5,,,Good,2,False,False,Planting Strip,,16,6/8/2010,JM,small prev. failure,,Palo Alto,-122.1533704,37.4439091,False,False,False,,Low,102,163,,"Tree: 91 site 3 at 448 ADDISON AV, on ADDISON AV 16 from pl","<Point><coordinates>-122.153338,37.443916</coordinates></Point>",small_green
92,True,92,,,ADDISON AV,WAVERLEY ST,COWPER ST,ADDISON AV,453,,Front,,2,Acer rubrum,Large Tree Routine Prune,4,1,15-20,15-30,Good,Good,5,,,Good,2,False,False,Planting Strip,,34,6/16/2010,BC,,,Palo Alto,-122.1536123,37.4438865,False,False,False,,None,103,21189,,"Tree: 92 site 2 at 453 ADDISON AV, on ADDISON AV 34 from pl","<Point><coordinates>-122.15358,37.443894</coordinates></Point>",small_green
93,True,93,,,ADDISON AV,WAVERLEY ST,COWPER ST,ADDISON AV,463,,Front,,1,Magnolia grandiflora,Large Tree Routine Prune,17,1,35-40,15-30,Fair,Fair,3,,,Fair,1,False,False,Planting Strip,,18,6/16/2010,BK,root damage;  crown dieback;,,Palo Alto,-122.1535397,37.4439597,False,False,False,,None,104,189,,"Tree: 93 site 1 at 463 ADDISON AV, on ADDISON AV 18 from pl","<Point><coordinates>-122.153507,37.443967</coordinates></Point>",small_green
94,True,94,,,ADDISON AV,WAVERLEY ST,COWPER ST,ADDISON AV,463,,Front,,2,Magnolia grandiflora,Large Tree Routine Prune,15,1,30-35,15-30,Fair,Fair,3,,,Fair,1,False,False,Planting Strip,,36,6/16/2010,BK,crown dieback;  trunk wounds; topped; borers;,,Palo Alto,-122.1535012,37.4439985,False,False,False,,None,105,189,,"Tree: 94 site 2 at 463 ADDISON AV, on ADDISON AV 36 from pl","<Point><coordinates>-122.153469,37.444006</coordinates></Point>",small_green
95,True,95,,,ADDISON AV,WAVERLEY ST,COWPER ST,ADDISON AV,471,,Front,,1,Acer macrophyllum,Large Tree Routine Prune,6,2,20-25,15-30,Good,Good,5,,,Good,2,False,False,Planting Strip,,16,6/16/2010,DME,"fenced, construction site",,Palo Alto,-122.1534371,37.4440632,False,False,False,,Low,106,169,,"Tree: 95 site 1 at 471 ADDISON AV, on ADDISON AV 16 from pl","<Point><coordinates>-122.153404,37.44407</coordinates></Point>",small_green
96,True,96,,,ADDISON AV,WAVERLEY ST,COWPER ST,ADDISON AV,471,,Front,,2,Magnolia grandiflora,Large Tree Routine Prune,16,1,35-40,15-30,Fair,Fair,1,,,Fair,0,False,False,Planting Strip,,40,6/16/2010,DME,"thinning crown; epicormics; enced, construction site",,Palo Alto,-122.1533859,37.4441149,False,False,False,,None,107,169,,"Tree: 96 site 2 at 471 ADDISON AV, on ADDISON AV 40 from pl","<Point><coordinates>-122.153353,37.444122</coordinates></Point>",small_green
97,True,97,,,ADDISON AV,WAVERLEY ST,COWPER ST,ADDISON AV,483,,Front,,1,Magnolia grandiflora,Large Tree Routine Prune,14,1,35-40,15-30,Fair,Fair,1,,,Good,0,False,False,Planting Strip,,1,6/16/2010,BK,"cavity or decay; fenced, construction site",,Palo Alto,-122.1533624,37.4441386,False,False,False,,None,108,170,,"Tree: 97 site 1 at 483 ADDISON AV, on ADDISON AV 1 from pl","<Point><coordinates>-122.15333,37.444146</coordinates></Point>",small_green
98,True,98,,,ADDISON AV,WAVERLEY ST,COWPER ST,ADDISON AV,483,,Front,,2,Magnolia grandiflora,Large Tree Routine Prune,24,1,45-50,15-30,Fair,Fair,5,,,Fair,2,False,False,Planting Strip,,42,6/16/2010,BK,older foliage wilted; root damage;,,Palo Alto,-122.1532748,37.4442269,False,False,False,,None,109,170,,"Tree: 98 site 2 at 483 ADDISON AV, on ADDISON AV 42 from pl","<Point><coordinates>-122.153242,37.444234</coordinates></Point>",small_green
99,True,99,,,ADDISON AV,WAVERLEY ST,COWPER ST,ADDISON AV,483,,Front,,3,Magnolia grandiflora,Large Tree Routine Prune,25,1,35-40,30-45,Fair,Fair,5,,,Fair,2,False,False,Planting Strip,,84,6/16/2010,BK,crown dieback; root damage;,,Palo Alto,-122.1531851,37.4443174,False,False,False,,None,110,170,,"Tree: 99 site 3 at 483 ADDISON AV, on ADDISON AV 84 from pl","<Point><coordinates>-122.153152,37.444325</coordinates></Point>",small_green
